{"stat.chestOpened":62,"stat.cakeSlicesEaten":14,"stat.useItem.minecraft.bow":127,"stat.killEntity.Skeleton":8,"stat.walkOneCm":194931,"stat.mineBlock.minecraft.tnt":1,"stat.useItem.minecraft.golden_sword":1,"stat.playerKills":5,"achievement.openInventory":39,"stat.useItem.minecraft.iron_sword":20,"stat.useItem.minecraft.iron_axe":2,"stat.useItem.minecraft.flint_and_steel":7,"stat.leaveGame":1,"stat.mineBlock.minecraft.vine":2,"stat.killEntity.Spider":3,"stat.useItem.minecraft.diamond_axe":19,"stat.useItem.minecraft.tnt":176,"stat.mobKills":17,"stat.killEntity.Creeper":1,"stat.entityKilledBy.Creeper":1,"stat.useItem.minecraft.golden_apple":5,"stat.flyOneCm":238708,"stat.deaths":6,"stat.drop":7,"stat.useItem.minecraft.melon":12,"stat.jump":793,"stat.swimOneCm":27055,"stat.mineBlock.minecraft.leaves":1,"stat.playOneMinute":41758,"stat.fallOneCm":21979,"stat.climbOneCm":4728,"stat.useItem.minecraft.cake":4,"stat.killEntity.Sheep":1,"stat.damageDealt":3512,"stat.crouchOneCm":15174,"stat.useItem.minecraft.wool":3,"stat.killEntity.Zombie":4,"stat.timeSinceDeath":8462,"stat.sprintOneCm":103063,"achievement.exploreAllBiomes":{"value":0,"progress":["Jungle","Forest","Plains","MushroomIsland","Extreme Hills"]},"stat.mineBlock.minecraft.tallgrass":1,"stat.diveOneCm":2780,"stat.useItem.minecraft.fishing_rod":5}