{"stat.chestOpened":86,"stat.useItem.minecraft.bow":129,"stat.killEntity.Skeleton":1,"stat.useItem.minecraft.dispenser":2,"stat.walkOneCm":630360,"stat.useItem.minecraft.golden_sword":24,"stat.mineBlock.minecraft.tnt":3,"stat.trappedChestTriggered":11,"achievement.openInventory":19,"stat.leaveGame":1,"stat.brewingstandInteraction":1,"stat.killEntity.Spider":4,"stat.mineBlock.minecraft.torch":2,"stat.useItem.minecraft.gravel":2,"stat.dispenserInspected":1,"stat.mobKills":6,"stat.talkedToVillager":1,"stat.useItem.minecraft.golden_apple":1,"stat.flyOneCm":156395,"stat.drop":23,"stat.jump":318,"stat.swimOneCm":12693,"stat.playOneMinute":92104,"stat.fallOneCm":30540,"stat.climbOneCm":12008,"stat.mineBlock.minecraft.gravel":1,"stat.damageDealt":860,"stat.crouchOneCm":3011,"stat.killEntity.Zombie":1,"stat.timeSinceDeath":92104,"stat.useItem.minecraft.dirt":22,"stat.sprintOneCm":125699,"stat.mineBlock.minecraft.dirt":8,"achievement.exploreAllBiomes":{"value":0,"progress":["Jungle","Forest","Plains","MushroomIsland","Extreme Hills"]},"stat.mineBlock.minecraft.tallgrass":7,"stat.useItem.minecraft.fishing_rod":4,"stat.diveOneCm":1363}