{"stat.chestOpened":64,"stat.useItem.minecraft.bow":313,"stat.killEntity.Skeleton":1,"stat.walkOneCm":575138,"stat.mineBlock.minecraft.tnt":1,"stat.trappedChestTriggered":2,"achievement.openInventory":21,"stat.useItem.minecraft.iron_sword":10,"stat.leaveGame":1,"stat.killEntity.Spider":1,"stat.useItem.minecraft.tnt":70,"stat.useItem.minecraft.diamond_pickaxe":1,"stat.mineBlock.minecraft.torch":30,"stat.mobKills":2,"stat.mineBlock.minecraft.log":1,"stat.flyOneCm":219156,"stat.drop":50,"stat.mineBlock.minecraft.sand":22,"stat.swimOneCm":27191,"stat.jump":689,"stat.useItem.minecraft.sand":96,"stat.mineBlock.minecraft.leaves":17,"stat.playOneMinute":96018,"stat.fallOneCm":63460,"stat.climbOneCm":11734,"stat.damageDealt":765,"stat.crouchOneCm":8384,"stat.timeSinceDeath":96018,"achievement.mineWood":1,"stat.useItem.minecraft.dirt":14,"stat.sprintOneCm":98136,"stat.mineBlock.minecraft.dirt":7,"achievement.exploreAllBiomes":{"value":0,"progress":["Jungle","Forest","Plains","MushroomIsland","Extreme Hills"]},"stat.mineBlock.minecraft.tallgrass":8,"stat.diveOneCm":14856}