{"stat.chestOpened":48,"stat.useItem.minecraft.bow":121,"stat.walkOneCm":414579,"stat.horseOneCm":539,"stat.leaveGame":3,"stat.useItem.minecraft.tnt":480,"stat.useItem.minecraft.gravel":7,"stat.killEntity.Creeper":2,"stat.jump":799,"stat.swimOneCm":101840,"stat.useItem.minecraft.sand":207,"stat.fallOneCm":22796,"stat.climbOneCm":8888,"stat.mineBlock.minecraft.web":24,"stat.crouchOneCm":11466,"achievement.mineWood":1,"stat.useItem.minecraft.dirt":52,"stat.sprintOneCm":154449,"stat.useItem.minecraft.redstone_ore":2,"achievement.exploreAllBiomes":{"value":0,"progress":["Jungle","Forest","MushroomIsland","Extreme Hills"]},"stat.killEntity.Skeleton":6,"stat.useItem.minecraft.stone_slab":56,"stat.mineBlock.minecraft.tnt":50,"achievement.openInventory":18,"stat.useItem.minecraft.iron_sword":95,"stat.useItem.minecraft.flint_and_steel":20,"stat.useItem.minecraft.vine":12,"stat.killEntity.Spider":4,"stat.mineBlock.minecraft.torch":1,"stat.mobKills":16,"stat.useItem.minecraft.golden_apple":2,"stat.flyOneCm":293504,"stat.drop":26,"stat.mineBlock.minecraft.leaves":24,"stat.mineBlock.minecraft.sand":2,"stat.playOneMinute":87933,"stat.mineBlock.minecraft.gravel":10,"stat.killEntity.Sheep":1,"stat.damageDealt":2485,"stat.killEntity.Zombie":3,"stat.timeSinceDeath":87933,"stat.mineBlock.minecraft.dirt":16,"stat.mineBlock.minecraft.tallgrass":1,"stat.diveOneCm":10832}