{"stat.chestOpened":60,"stat.useItem.minecraft.bow":152,"stat.useItem.minecraft.dispenser":2,"stat.walkOneCm":258019,"stat.useItem.minecraft.golden_sword":16,"stat.mineBlock.minecraft.tnt":2,"stat.trappedChestTriggered":6,"stat.playerKills":6,"stat.recordPlayed":1,"achievement.openInventory":25,"stat.useItem.minecraft.iron_sword":24,"stat.leaveGame":1,"stat.brewingstandInteraction":6,"stat.useItem.minecraft.tnt":22,"stat.mineBlock.minecraft.torch":9,"stat.useItem.minecraft.gravel":3,"stat.dispenserInspected":1,"stat.mobKills":1,"stat.useItem.minecraft.stonebrick":80,"stat.useItem.minecraft.golden_apple":6,"stat.flyOneCm":255797,"stat.deaths":5,"stat.drop":13,"stat.swimOneCm":13392,"stat.jump":939,"stat.playOneMinute":41428,"stat.fallOneCm":29199,"stat.climbOneCm":5315,"stat.useItem.minecraft.record_chirp":1,"stat.useItem.minecraft.cooked_mutton":2,"stat.damageDealt":3274,"stat.crouchOneCm":6211,"stat.mineBlock.minecraft.chest":1,"stat.timeSinceDeath":8265,"stat.useItem.minecraft.stone_button":10,"stat.sprintOneCm":137031,"stat.mineBlock.minecraft.dirt":1,"achievement.exploreAllBiomes":{"value":0,"progress":["Beach","Jungle","Forest","Ocean","Plains","MushroomIsland","Extreme Hills"]},"stat.diveOneCm":3484,"stat.craftingTableInteraction":1}