{"stat.chestOpened":26,"stat.useItem.minecraft.bow":115,"stat.walkOneCm":264431,"stat.leaveGame":2,"stat.useItem.minecraft.apple":3,"stat.killEntity.Creeper":1,"stat.useItem.minecraft.melon":18,"stat.jump":313,"stat.swimOneCm":23021,"stat.fallOneCm":25791,"stat.climbOneCm":27597,"stat.crouchOneCm":1359,"stat.useItem.minecraft.cookie":9,"stat.sprintOneCm":65605,"achievement.exploreAllBiomes":{"value":0,"progress":["Jungle","Forest","MushroomIsland","Extreme Hills"]},"stat.killEntity.Skeleton":3,"stat.mineBlock.minecraft.tnt":2,"achievement.openInventory":15,"stat.useItem.minecraft.iron_sword":43,"stat.useItem.minecraft.vine":52,"stat.mineBlock.minecraft.red_flower":1,"stat.mineBlock.minecraft.torch":1,"stat.mobKills":9,"stat.useItem.minecraft.golden_apple":3,"stat.flyOneCm":78121,"stat.drop":1,"stat.mineBlock.minecraft.leaves":24,"stat.playOneMinute":89220,"stat.damageDealt":2485,"stat.killEntity.Zombie":5,"stat.timeSinceDeath":89220,"stat.mineBlock.minecraft.tallgrass":10,"stat.diveOneCm":2693,"stat.craftItem.minecraft.sandstone":78,"stat.useItem.minecraft.sandstone":88}