{"stat.chestOpened":36,"stat.useItem.minecraft.bow":115,"stat.mineBlock.minecraft.stone_button":1,"stat.leaveGame":3,"stat.killEntity.Slime":1,"stat.useItem.minecraft.potion":1,"stat.useItem.minecraft.rotten_flesh":1,"stat.jump":563,"stat.swimOneCm":11411,"stat.climbOneCm":15965,"stat.fallOneCm":50152,"stat.mineBlock.minecraft.web":3,"stat.crouchOneCm":2410,"stat.mineBlock.minecraft.chest":2,"stat.useItem.minecraft.stone_button":14,"stat.useItem.minecraft.dirt":22,"achievement.exploreAllBiomes":{"value":0,"progress":["Beach","Jungle","Forest","River","Ocean","Plains","Desert","MushroomIsland","Extreme Hills","Swampland"]},"stat.craftingTableInteraction":1,"stat.useItem.minecraft.golden_sword":17,"stat.brewingstandInteraction":1,"stat.mineBlock.minecraft.torch":18,"stat.dispenserInspected":1,"stat.mineBlock.minecraft.redstone_block":1,"stat.flyOneCm":160580,"stat.mineBlock.minecraft.gravel":7,"stat.damageDealt":270,"stat.timeSinceDeath":153728,"stat.killEntity.Cow":1,"stat.useItem.minecraft.iron_pickaxe":25,"stat.mineBlock.minecraft.dirt":45,"stat.walkOneCm":872606,"stat.useItem.minecraft.torch":2,"stat.trappedChestTriggered":5,"stat.breakItem.minecraft.golden_sword":1,"stat.useItem.minecraft.tnt":46,"stat.useItem.minecraft.gravel":12,"stat.useItem.minecraft.item_frame":1,"stat.mineBlock.minecraft.redstone_lamp":2,"stat.mineBlock.minecraft.stained_hardened_clay":9,"stat.sprintOneCm":89793,"achievement.openInventory":33,"stat.mineBlock.minecraft.stonebrick":10,"stat.useItem.minecraft.iron_sword":13,"stat.mineBlock.minecraft.redstone_torch":1,"stat.mobKills":3,"stat.deaths":1,"stat.drop":49,"stat.mineBlock.minecraft.leaves":2,"stat.playOneMinute":154250,"stat.diveOneCm":4275}