{"stat.chestOpened":39,"stat.useItem.minecraft.bow":261,"stat.walkOneCm":618352,"stat.mineBlock.minecraft.tnt":6,"stat.useItem.minecraft.golden_sword":19,"stat.useItem.minecraft.bread":8,"stat.useItem.minecraft.sapling":16,"stat.trappedChestTriggered":1,"achievement.openInventory":19,"stat.useItem.minecraft.iron_sword":17,"stat.leaveGame":2,"stat.brewingstandInteraction":19,"stat.useItem.minecraft.vine":68,"stat.mineBlock.minecraft.cobblestone":8,"stat.killEntity.Spider":2,"stat.useItem.minecraft.tnt":112,"stat.useItem.minecraft.diamond_pickaxe":12,"stat.mineBlock.minecraft.glowstone":3,"stat.dispenserInspected":1,"stat.mineBlock.minecraft.sapling":4,"stat.mobKills":3,"stat.useItem.minecraft.stonebrick":290,"stat.useItem.minecraft.dye":61,"stat.killEntity.Creeper":1,"stat.talkedToVillager":1,"stat.useItem.minecraft.potion":3,"stat.useItem.minecraft.golden_apple":6,"stat.flyOneCm":272118,"stat.drop":38,"stat.jump":445,"stat.swimOneCm":24253,"stat.mineBlock.minecraft.leaves":22,"stat.playOneMinute":130906,"stat.fallOneCm":83162,"stat.climbOneCm":14219,"stat.mineBlock.minecraft.gravel":3,"stat.mineBlock.minecraft.web":6,"stat.useItem.minecraft.fire_charge":1,"stat.damageDealt":2027,"stat.crouchOneCm":15013,"stat.timeSinceDeath":130906,"stat.craftItem.minecraft.dye":96,"stat.useItem.minecraft.dirt":45,"stat.sprintOneCm":313214,"stat.mineBlock.minecraft.dirt":13,"achievement.exploreAllBiomes":{"value":0,"progress":["Beach","Jungle","Forest","River","Plains","MushroomIsland","Extreme Hills","Savanna"]},"stat.diveOneCm":21958}