{"stat.chestOpened":43,"stat.useItem.minecraft.bow":53,"stat.killEntity.Skeleton":1,"stat.walkOneCm":219318,"stat.useItem.minecraft.stone_slab":4,"stat.mineBlock.minecraft.tnt":3,"achievement.openInventory":16,"stat.useItem.minecraft.iron_sword":2,"stat.useItem.minecraft.flint_and_steel":3,"stat.leaveGame":1,"stat.mineBlock.minecraft.vine":7,"stat.useItem.minecraft.diamond_axe":12,"stat.useItem.minecraft.tnt":207,"stat.mineBlock.minecraft.torch":1,"stat.mobKills":3,"stat.killEntity.Creeper":1,"stat.flyOneCm":65599,"stat.drop":3,"stat.jump":229,"stat.swimOneCm":49557,"stat.playOneMinute":31209,"stat.killEntity.Witch":1,"stat.fallOneCm":9750,"stat.climbOneCm":3599,"stat.damageDealt":573,"stat.crouchOneCm":383,"stat.timeSinceDeath":31209,"achievement.mineWood":1,"stat.sprintOneCm":98423,"achievement.exploreAllBiomes":{"value":0,"progress":["Jungle","Forest","MushroomIsland","Extreme Hills"]},"stat.diveOneCm":11241}