{"stat.chestOpened":71,"stat.useItem.minecraft.bow":300,"stat.killEntity.Skeleton":2,"stat.walkOneCm":592428,"stat.mineBlock.minecraft.tnt":3,"stat.trappedChestTriggered":2,"achievement.openInventory":17,"stat.useItem.minecraft.iron_sword":30,"stat.leaveGame":2,"stat.mineBlock.minecraft.vine":1,"stat.useItem.minecraft.tnt":10,"stat.useItem.minecraft.gravel":2,"stat.mobKills":7,"stat.useItem.minecraft.stonebrick":4,"stat.killEntity.Creeper":1,"stat.talkedToVillager":1,"stat.flyOneCm":272553,"stat.drop":29,"stat.jump":673,"stat.swimOneCm":31111,"stat.playOneMinute":90808,"stat.fallOneCm":19460,"stat.climbOneCm":8543,"stat.damageDealt":2126,"stat.crouchOneCm":3973,"stat.killEntity.Zombie":3,"stat.timeSinceDeath":90808,"stat.killEntity.Cow":1,"stat.useItem.minecraft.dirt":10,"stat.sprintOneCm":261553,"stat.useItem.minecraft.redstone_ore":3,"achievement.exploreAllBiomes":{"value":0,"progress":["Jungle","Forest","Plains","MushroomIsland","Extreme Hills"]},"stat.diveOneCm":7588}