{"stat.chestOpened":116,"stat.useItem.minecraft.bow":233,"stat.killEntity.Skeleton":1,"stat.walkOneCm":675506,"stat.useItem.minecraft.golden_sword":2,"stat.trappedChestTriggered":11,"achievement.openInventory":79,"stat.horseOneCm":2107,"stat.useItem.minecraft.iron_sword":8,"stat.killEntity.Chicken":1,"stat.leaveGame":1,"stat.useItem.minecraft.vine":5,"stat.killEntity.Spider":2,"stat.useItem.minecraft.tnt":18,"stat.mobKills":6,"stat.useItem.minecraft.lead":1,"stat.talkedToVillager":1,"stat.useItem.minecraft.golden_apple":3,"stat.flyOneCm":214557,"stat.drop":70,"stat.useItem.minecraft.melon":2,"stat.jump":781,"stat.swimOneCm":25347,"stat.playOneMinute":95951,"stat.fallOneCm":83604,"stat.climbOneCm":4413,"stat.mineBlock.minecraft.gravel":1,"stat.killEntity.Sheep":1,"stat.mineBlock.minecraft.web":2,"stat.damageDealt":705,"stat.crouchOneCm":6280,"stat.timeSinceDeath":95951,"achievement.mineWood":4,"stat.useItem.minecraft.dirt":69,"stat.useItem.minecraft.stone_button":2,"stat.killEntity.Cow":1,"stat.sprintOneCm":285332,"stat.mineBlock.minecraft.dirt":1,"stat.useItem.minecraft.redstone_ore":9,"achievement.exploreAllBiomes":{"value":0,"progress":["Beach","Jungle","Forest","Plains","MushroomIsland","Extreme Hills"]},"stat.diveOneCm":10042}