{"stat.chestOpened":68,"stat.useItem.minecraft.bow":80,"stat.walkOneCm":445965,"stat.killEntity.EntityHorse":1,"stat.trappedChestTriggered":7,"stat.recordPlayed":1,"stat.horseOneCm":1875,"stat.mineBlock.minecraft.dispenser":1,"stat.leaveGame":3,"stat.useItem.minecraft.tnt":14,"stat.useItem.minecraft.cobblestone":2,"stat.killEntity.Creeper":1,"stat.useItem.minecraft.potion":374,"stat.jump":665,"stat.swimOneCm":10681,"stat.fallOneCm":88859,"stat.climbOneCm":15001,"stat.crouchOneCm":6996,"stat.useItem.minecraft.stone_button":2,"stat.sprintOneCm":263327,"achievement.exploreAllBiomes":{"value":0,"progress":["Jungle","Forest","River","Plains","Desert","MushroomIsland","Extreme Hills","Swampland"]},"stat.useItem.minecraft.record_mall":1,"stat.useItem.minecraft.water_bucket":7,"stat.useItem.minecraft.dispenser":4,"stat.useItem.minecraft.golden_sword":1,"achievement.openInventory":32,"stat.mineBlock.minecraft.stonebrick":1,"stat.useItem.minecraft.iron_sword":2,"stat.dispenserInspected":12,"stat.mobKills":4,"stat.useItem.minecraft.stonebrick":118,"stat.useItem.minecraft.bucket":14,"stat.useItem.minecraft.golden_apple":5,"stat.flyOneCm":647015,"stat.deaths":1,"stat.drop":7,"stat.playOneMinute":79161,"stat.useItem.minecraft.ladder":2,"stat.damageDealt":455,"stat.killEntity.Zombie":1,"stat.timeSinceDeath":69850,"stat.killEntity.Cow":1,"stat.useItem.minecraft.iron_pickaxe":4,"stat.diveOneCm":5813}