{"stat.chestOpened":31,"stat.useItem.minecraft.bow":121,"stat.useItem.minecraft.record_mellohi":1,"stat.walkOneCm":340786,"stat.useItem.minecraft.golden_sword":14,"stat.mineBlock.minecraft.tnt":3,"stat.trappedChestTriggered":1,"stat.playerKills":4,"stat.recordPlayed":1,"achievement.openInventory":17,"stat.useItem.minecraft.iron_sword":2,"stat.leaveGame":1,"stat.mineBlock.minecraft.redstone_torch":3,"stat.brewingstandInteraction":1,"stat.useItem.minecraft.tnt":10,"stat.mineBlock.minecraft.torch":9,"stat.useItem.minecraft.gravel":4,"stat.mobKills":1,"stat.useItem.minecraft.stonebrick":130,"stat.useItem.minecraft.potion":1,"stat.flyOneCm":266735,"stat.deaths":1,"stat.drop":10,"stat.jump":852,"stat.swimOneCm":3568,"stat.playOneMinute":47436,"stat.fallOneCm":20326,"stat.climbOneCm":4871,"stat.damageDealt":314,"stat.crouchOneCm":2409,"stat.timeSinceDeath":14295,"stat.useItem.minecraft.stained_hardened_clay":56,"stat.killEntity.Cow":1,"stat.useItem.minecraft.stone_button":2,"stat.sprintOneCm":195813,"stat.useItem.minecraft.redstone_ore":4,"achievement.exploreAllBiomes":{"value":0,"progress":["Jungle","Forest","Plains","MushroomIsland"]},"stat.diveOneCm":388}