{"stat.chestOpened":179,"stat.useItem.minecraft.bow":198,"stat.useItem.minecraft.stone":8,"stat.horseOneCm":139,"stat.leaveGame":24,"stat.killEntity.Ozelot":1,"stat.useItem.minecraft.apple":6,"stat.useItem.minecraft.lead":1,"stat.useItem.minecraft.diamond_sword":10,"stat.useItem.minecraft.potion":39,"stat.jump":2084,"stat.swimOneCm":62658,"stat.useItem.minecraft.sand":381,"stat.fallOneCm":174347,"stat.climbOneCm":22546,"stat.mineBlock.minecraft.web":6,"stat.crouchOneCm":28619,"stat.useItem.minecraft.dirt":213,"achievement.exploreAllBiomes":{"value":0,"progress":["Beach","Jungle","Forest","River","Plains","Desert","MushroomIsland","Extreme Hills","Swampland"]},"stat.useItem.minecraft.water_bucket":7,"stat.useItem.minecraft.golden_sword":56,"stat.useItem.minecraft.vine":107,"stat.useItem.minecraft.stone_brick_stairs":48,"stat.mineBlock.minecraft.torch":22,"stat.mineBlock.minecraft.red_flower":1,"stat.dispenserInspected":9,"stat.killEntity.Enderman":1,"stat.flyOneCm":1595904,"stat.useItem.minecraft.ender_pearl":2,"stat.mineBlock.minecraft.sand":6,"stat.mineBlock.minecraft.gravel":9,"stat.damageDealt":8715,"stat.killEntity.Rabbit":1,"stat.timeSinceDeath":11682,"stat.killEntity.Cow":1,"stat.mineBlock.minecraft.dirt":109,"stat.useItem.minecraft.iron_pickaxe":15,"stat.useItem.minecraft.spawn_egg":1,"stat.walkOneCm":1517063,"stat.useItem.minecraft.torch":169,"stat.useItem.minecraft.bread":6,"stat.trappedChestTriggered":2,"stat.playerKills":2,"stat.useItem.minecraft.tnt":705,"stat.furnaceInteraction":2,"stat.killEntity.Wolf":1,"stat.mineBlock.minecraft.double_plant":1,"stat.killEntity.Creeper":3,"stat.useItem.minecraft.melon":1,"stat.useItem.minecraft.redstone":14,"achievement.mineWood":3,"stat.useItem.minecraft.stained_hardened_clay":52,"stat.mineBlock.minecraft.stained_hardened_clay":2,"stat.sprintOneCm":835603,"stat.mineBlock.minecraft.stone_slab":1,"stat.killEntity.Skeleton":13,"stat.useItem.minecraft.stone_slab":80,"stat.mineBlock.minecraft.tnt":10,"achievement.openInventory":124,"stat.mineBlock.minecraft.stonebrick":3,"stat.useItem.minecraft.iron_sword":24,"stat.useItem.minecraft.barrier":6,"stat.useItem.minecraft.flint_and_steel":92,"stat.killEntity.Spider":2,"stat.mobKills":36,"stat.useItem.minecraft.stonebrick":14,"stat.mineBlock.minecraft.log":1,"stat.useItem.minecraft.golden_apple":9,"stat.deaths":9,"stat.drop":74,"stat.mineBlock.minecraft.leaves":10,"stat.playOneMinute":709897,"stat.killEntity.Sheep":3,"stat.killEntity.Zombie":6,"stat.mineBlock.minecraft.tallgrass":90,"stat.diveOneCm":12983,"stat.useItem.minecraft.sandstone":6}